num_ranks,space_order,time_tile_size,time,x_size,y_size,z_size,repeat_num,elapsed_time,oi,gflopss,gpointss,haloupdate0
2,2,4,256,256,256,256,1,0.52,2.66,182.42,8.3,0.07628000000000001
2,2,4,256,256,256,256,2,0.51,2.66,186.0,8.46,0.07004899999999997
2,2,4,256,256,256,256,3,0.52,2.66,182.42,8.3,0.06468899999999997
2,2,4,256,256,256,512,1,1.01,2.67,187.84,8.54,0.16793099999999994
2,2,4,256,256,256,512,2,1.01,2.67,187.84,8.54,0.16766000000000003
2,2,4,256,256,256,512,3,1.02,2.67,186.0,8.46,0.14190100000000003
2,2,4,256,256,512,256,1,1.02,2.67,186.0,8.46,0.134822
2,2,4,256,256,512,256,2,1.03,2.67,184.2,8.38,0.137199
2,2,4,256,256,512,256,3,1.02,2.67,186.0,8.46,0.15952599999999992
2,2,4,256,256,512,512,1,2.01,2.68,188.78,8.59,0.290535
2,2,4,256,256,512,512,2,2.02,2.68,187.84,8.54,0.265099
2,2,4,256,256,512,512,3,2.02,2.68,187.84,8.54,0.330924
2,2,4,256,512,256,256,1,0.96,2.68,197.63,8.99,0.068604
2,2,4,256,512,256,256,2,0.96,2.68,197.63,8.99,0.09424699999999997
2,2,4,256,512,256,256,3,0.95,2.68,199.71,9.08,0.06949700000000002
2,2,4,256,512,256,512,1,1.84,2.69,206.22,9.38,0.140603
2,2,4,256,512,256,512,2,1.84,2.69,206.22,9.38,0.20900900000000003
2,2,4,256,512,256,512,3,1.85,2.69,205.1,9.33,0.20057999999999995
2,2,4,256,512,512,256,1,1.88,2.69,201.83,9.18,0.13974300000000003
2,2,4,256,512,512,256,2,1.91,2.69,198.66,9.03,0.215354
2,2,4,256,512,512,256,3,1.91,2.69,198.66,9.03,0.201856
2,2,4,256,512,512,512,1,3.59,2.7,211.39,9.61,0.33335500000000007
2,2,4,256,512,512,512,2,3.62,2.7,209.64,9.53,0.2762379999999999
2,2,4,256,512,512,512,3,3.62,2.7,209.64,9.53,0.3501440000000003
2,2,4,512,256,256,256,1,1.03,2.67,183.84,8.36,0.183475
2,2,4,512,256,256,256,2,1.02,2.67,185.64,8.44,0.14172400000000018
2,2,4,512,256,256,256,3,1.02,2.67,185.64,8.44,0.170773
2,2,4,512,256,256,512,1,1.99,2.68,190.3,8.65,0.33179399999999987
2,2,4,512,256,256,512,2,1.98,2.68,191.27,8.7,0.31868800000000025
2,2,4,512,256,256,512,3,1.99,2.68,190.3,8.65,0.3316379999999998
2,2,4,512,256,512,256,1,2.03,2.68,186.55,8.48,0.27476100000000003
2,2,4,512,256,512,256,2,2.01,2.68,188.41,8.57,0.32961599999999996
2,2,4,512,256,512,256,3,2.03,2.68,186.55,8.48,0.32183400000000006
2,2,4,512,256,512,512,1,3.95,2.69,191.75,8.72,0.5567250000000001
2,2,4,512,256,512,512,2,3.94,2.69,192.24,8.74,0.6328790000000004
2,2,4,512,256,512,512,3,3.94,2.69,192.24,8.74,0.5567700000000001
2,2,4,512,512,256,256,1,1.9,2.69,199.32,9.06,0.20644400000000004
2,2,4,512,512,256,256,2,1.89,2.69,200.37,9.11,0.20161300000000007
2,2,4,512,512,256,256,3,1.9,2.69,199.32,9.06,0.14178299999999996
2,2,4,512,512,256,512,1,3.65,2.7,207.51,9.44,0.39430700000000013
2,2,4,512,512,256,512,2,3.64,2.7,208.08,9.46,0.3830100000000001
2,2,4,512,512,256,512,3,3.63,2.7,208.65,9.49,0.4032300000000002
2,2,4,512,512,512,256,1,3.8,2.7,199.32,9.06,0.4333829999999999
2,2,4,512,512,512,256,2,3.77,2.7,200.9,9.14,0.416685
2,2,4,512,512,512,256,3,3.78,2.7,200.37,9.11,0.389293
2,2,4,512,512,512,512,1,7.13,2.71,212.46,9.66,0.534382
2,2,4,512,512,512,512,2,7.18,2.71,210.98,9.59,0.700576
2,2,4,512,512,512,512,3,7.15,2.71,211.86,9.63,0.69252
2,2,8,256,256,256,256,1,0.39,2.66,243.23,11.06,0.06412600000000002
2,2,8,256,256,256,256,2,0.4,2.66,237.15,10.78,0.066709
2,2,8,256,256,256,256,3,0.39,2.66,243.23,11.06,0.06001200000000004
2,2,8,256,256,256,512,1,0.82,2.67,231.37,10.52,0.15045700000000004
2,2,8,256,256,256,512,2,0.82,2.67,231.37,10.52,0.14863099999999999
2,2,8,256,256,256,512,3,0.81,2.67,234.22,10.65,0.14007500000000003
2,2,8,256,256,512,256,1,0.79,2.67,240.15,10.92,0.146431
2,2,8,256,256,512,256,2,0.8,2.67,237.15,10.78,0.13896399999999998
2,2,8,256,256,512,256,3,0.79,2.67,240.15,10.92,0.143097
2,2,8,256,256,512,512,1,1.63,2.68,232.79,10.59,0.30265100000000006
2,2,8,256,256,512,512,2,1.64,2.68,231.37,10.52,0.30002
2,2,8,256,256,512,512,3,1.64,2.68,231.37,10.52,0.30041299999999993
2,2,8,256,512,256,256,1,0.72,2.68,263.5,11.98,0.06271399999999999
2,2,8,256,512,256,256,2,0.74,2.68,256.38,11.66,0.07467000000000001
2,2,8,256,512,256,256,3,0.72,2.68,263.5,11.98,0.08209600000000002
2,2,8,256,512,256,512,1,1.44,2.69,263.5,11.98,0.15307700000000002
2,2,8,256,512,256,512,2,1.43,2.69,265.34,12.07,0.13268500000000003
2,2,8,256,512,256,512,3,1.45,2.69,261.68,11.9,0.142633
2,2,8,256,512,512,256,1,1.41,2.69,269.11,12.24,0.17038900000000004
2,2,8,256,512,512,256,2,1.41,2.69,269.11,12.24,0.141926
2,2,8,256,512,512,256,3,1.4,2.69,271.03,12.32,0.129959
2,2,8,256,512,512,512,1,2.94,2.7,258.12,11.74,0.293647
2,2,8,256,512,512,512,2,2.94,2.7,258.12,11.74,0.32272999999999996
2,2,8,256,512,512,512,3,2.94,2.7,258.12,11.74,0.297454
2,2,8,512,256,256,256,1,0.77,2.67,245.91,11.18,0.122163
2,2,8,512,256,256,256,2,0.77,2.67,245.91,11.18,0.12145700000000002
2,2,8,512,256,256,256,3,0.77,2.67,245.91,11.18,0.116462
2,2,8,512,256,256,512,1,1.6,2.68,236.69,10.76,0.28425800000000007
2,2,8,512,256,256,512,2,1.59,2.68,238.18,10.83,0.262967
2,2,8,512,256,256,512,3,1.6,2.68,236.69,10.76,0.2909849999999998
2,2,8,512,256,512,256,1,1.54,2.68,245.91,11.18,0.252976
2,2,8,512,256,512,256,2,1.55,2.68,244.32,11.11,0.2823560000000001
2,2,8,512,256,512,256,3,1.55,2.68,244.32,11.11,0.278624
2,2,8,512,256,512,512,1,3.2,2.69,236.69,10.76,0.5808230000000001
2,2,8,512,256,512,512,2,3.19,2.69,237.43,10.8,0.5716990000000001
2,2,8,512,256,512,512,3,3.2,2.69,236.69,10.76,0.5774370000000001
2,2,8,512,512,256,256,1,1.45,2.69,261.17,11.88,0.12258999999999996
2,2,8,512,512,256,256,2,1.42,2.69,266.69,12.13,0.11807100000000001
2,2,8,512,512,256,256,3,1.43,2.69,264.83,12.04,0.12718
2,2,8,512,512,256,512,1,2.84,2.7,266.69,12.13,0.30046000000000006
2,2,8,512,512,256,512,2,2.85,2.7,265.76,12.08,0.30548100000000006
2,2,8,512,512,256,512,3,2.84,2.7,266.69,12.13,0.264327
2,2,8,512,512,512,256,1,2.76,2.7,274.42,12.48,0.311059
2,2,8,512,512,512,256,2,2.79,2.7,271.47,12.34,0.321292
2,2,8,512,512,512,256,3,2.8,2.7,270.5,12.3,0.29472699999999996
2,2,8,512,512,512,512,1,5.78,2.71,262.08,11.92,0.5942340000000002
2,2,8,512,512,512,512,2,5.79,2.71,261.63,11.9,0.5883759999999999
2,2,8,512,512,512,512,3,5.78,2.71,262.08,11.92,0.565247
2,2,16,256,256,256,256,1,0.37,2.66,256.38,11.66,0.067715
2,2,16,256,256,256,256,2,0.38,2.66,249.63,11.35,0.07617899999999998
2,2,16,256,256,256,256,3,0.37,2.66,256.38,11.66,0.069128
2,2,16,256,256,256,512,1,0.77,2.67,246.39,11.2,0.15588800000000003
2,2,16,256,256,256,512,2,0.76,2.67,249.63,11.35,0.15809299999999996
2,2,16,256,256,256,512,3,0.76,2.67,249.63,11.35,0.15571600000000005
2,2,16,256,256,512,256,1,0.74,2.67,256.38,11.66,0.15117799999999998
2,2,16,256,256,512,256,2,0.73,2.67,259.89,11.82,0.131759
2,2,16,256,256,512,256,3,0.75,2.67,252.96,11.5,0.16327799999999998
2,2,16,256,256,512,512,1,1.8,2.68,210.8,9.59,0.6166379999999999
2,2,16,256,256,512,512,2,1.79,2.68,211.98,9.64,0.6007449999999999
2,2,16,256,256,512,512,3,1.83,2.68,207.35,9.43,0.637292
2,2,16,256,512,256,256,1,0.65,2.68,291.88,13.27,0.07693
2,2,16,256,512,256,256,2,0.65,2.68,291.88,13.27,0.08762999999999999
2,2,16,256,512,256,256,3,0.65,2.68,291.88,13.27,0.07545099999999998
2,2,16,256,512,256,512,1,1.36,2.69,279.0,12.69,0.15965399999999996
2,2,16,256,512,256,512,2,1.36,2.69,279.0,12.69,0.15734100000000006
2,2,16,256,512,256,512,3,1.36,2.69,279.0,12.69,0.15470299999999998
2,2,16,256,512,512,256,1,1.32,2.69,287.45,13.07,0.16025
2,2,16,256,512,512,256,2,1.31,2.69,289.65,13.17,0.17130799999999996
2,2,16,256,512,512,256,3,1.33,2.69,285.29,12.97,0.175969
2,2,16,256,512,512,512,1,2.64,2.7,287.45,13.07,0.29984399999999994
2,2,16,256,512,512,512,2,2.63,2.7,288.55,13.12,0.28754699999999994
2,2,16,256,512,512,512,3,2.65,2.7,286.37,13.02,0.287519
2,2,16,512,256,256,256,1,0.72,2.67,262.99,11.96,0.13346899999999998
2,2,16,512,256,256,256,2,0.71,2.67,266.69,12.13,0.13832299999999997
2,2,16,512,256,256,256,3,0.72,2.67,262.99,11.96,0.13848999999999997
2,2,16,512,256,256,512,1,1.49,2.68,254.16,11.56,0.284438
2,2,16,512,256,256,512,2,1.48,2.68,255.88,11.64,0.28448
2,2,16,512,256,256,512,3,1.49,2.68,254.16,11.56,0.278563
2,2,16,512,256,512,256,1,1.42,2.68,266.69,12.13,0.258664
2,2,16,512,256,512,256,2,1.43,2.68,264.83,12.04,0.28017299999999995
2,2,16,512,256,512,256,3,1.41,2.68,268.58,12.21,0.243615
2,2,16,512,256,512,512,1,3.58,2.69,211.57,9.62,1.243866
2,2,16,512,256,512,512,2,3.51,2.69,215.79,9.81,1.1745
2,2,16,512,256,512,512,3,3.56,2.69,212.76,9.68,1.22448
2,2,16,512,512,256,256,1,1.26,2.69,300.56,13.67,0.16603099999999998
2,2,16,512,512,256,256,2,1.24,2.69,305.4,13.89,0.12811300000000006
2,2,16,512,512,256,256,3,1.25,2.69,302.96,13.78,0.15389999999999995
2,2,16,512,512,256,512,1,2.64,2.7,286.9,13.05,0.29000600000000004
2,2,16,512,512,256,512,2,2.64,2.7,286.9,13.05,0.292741
2,2,16,512,512,256,512,3,2.64,2.7,286.9,13.05,0.275285
2,2,16,512,512,512,256,1,2.58,2.7,293.57,13.35,0.269536
2,2,16,512,512,512,256,2,2.55,2.7,297.02,13.51,0.3105
2,2,16,512,512,512,256,3,2.57,2.7,294.71,13.4,0.31084500000000004
2,2,16,512,512,512,512,1,5.17,2.71,293.0,13.32,0.578907
2,2,16,512,512,512,512,2,5.19,2.71,291.87,13.27,0.553233
2,2,16,512,512,512,512,3,5.2,2.71,291.31,13.25,0.556188
2,4,4,256,256,256,256,1,0.7,3.28,172.47,6.16,0.159196
2,4,4,256,256,256,256,2,0.69,3.28,174.97,6.25,0.13814699999999994
2,4,4,256,256,256,256,3,0.69,3.28,174.97,6.25,0.15960700000000003
2,4,4,256,256,256,512,1,1.4,3.31,172.47,6.16,0.300035
2,4,4,256,256,256,512,2,1.4,3.31,172.47,6.16,0.2989900000000001
2,4,4,256,256,256,512,3,1.39,3.31,173.72,6.21,0.3047850000000001
2,4,4,256,256,512,256,1,1.39,3.31,173.72,6.21,0.30593100000000006
2,4,4,256,256,512,256,2,1.39,3.31,173.72,6.21,0.312861
2,4,4,256,256,512,256,3,1.39,3.31,173.72,6.21,0.28097199999999994
2,4,4,256,256,512,512,1,2.86,3.33,168.86,6.04,0.6462590000000001
2,4,4,256,256,512,512,2,2.92,3.33,165.39,5.91,0.6616270000000002
2,4,4,256,256,512,512,3,2.85,3.33,169.45,6.06,0.6271400000000004
2,4,4,256,512,256,256,1,1.2,3.33,201.22,7.19,0.15771900000000003
2,4,4,256,512,256,256,2,1.21,3.33,199.56,7.13,0.156977
2,4,4,256,512,256,256,3,1.21,3.33,199.56,7.13,0.16221500000000008
2,4,4,256,512,256,512,1,2.51,3.36,192.4,6.88,0.29752900000000004
2,4,4,256,512,256,512,2,2.47,3.36,195.52,6.99,0.296603
2,4,4,256,512,256,512,3,2.51,3.36,192.4,6.88,0.3200590000000001
2,4,4,256,512,512,256,1,2.44,3.36,197.92,7.07,0.3277130000000002
2,4,4,256,512,512,256,2,2.45,3.36,197.11,7.04,0.3335520000000001
2,4,4,256,512,512,256,3,2.45,3.36,197.11,7.04,0.339206
2,4,4,256,512,512,512,1,5.02,3.38,192.4,6.88,0.6364060000000002
2,4,4,256,512,512,512,2,5.03,3.38,192.02,6.86,0.6538859999999999
2,4,4,256,512,512,512,3,5.02,3.38,192.4,6.88,0.6491110000000001
2,4,4,512,256,256,256,1,1.38,3.29,174.63,6.24,0.31577500000000003
2,4,4,512,256,256,256,2,1.37,3.29,175.91,6.29,0.2699590000000002
2,4,4,512,256,256,256,3,1.37,3.29,175.91,6.29,0.280611
2,4,4,512,256,256,512,1,2.75,3.31,175.27,6.26,0.6001890000000003
2,4,4,512,256,256,512,2,2.79,3.31,172.76,6.17,0.599339
2,4,4,512,256,256,512,3,2.74,3.31,175.91,6.29,0.5970520000000001
2,4,4,512,256,512,256,1,2.73,3.31,176.55,6.31,0.5538350000000001
2,4,4,512,256,512,256,2,2.81,3.31,171.53,6.13,0.6148459999999998
2,4,4,512,256,512,256,3,2.75,3.31,175.27,6.26,0.618643
2,4,4,512,256,512,512,1,5.74,3.34,167.94,6.0,1.3346970000000007
2,4,4,512,256,512,512,2,5.68,3.34,169.71,6.07,1.269452
2,4,4,512,256,512,512,3,5.81,3.34,165.92,5.93,1.256564
2,4,4,512,512,256,256,1,2.4,3.34,200.83,7.18,0.31925800000000015
2,4,4,512,512,256,256,2,2.41,3.34,199.99,7.15,0.2731729999999999
2,4,4,512,512,256,256,3,2.4,3.34,200.83,7.18,0.2702450000000001
2,4,4,512,512,256,512,1,4.91,3.37,196.33,7.02,0.5418409999999999
2,4,4,512,512,256,512,2,4.96,3.37,194.35,6.95,0.568373
2,4,4,512,512,256,512,3,4.91,3.37,196.33,7.02,0.5535519999999999
2,4,4,512,512,512,256,1,4.89,3.37,197.13,7.05,0.6866579999999997
2,4,4,512,512,512,256,2,4.82,3.37,199.99,7.15,0.5756379999999996
2,4,4,512,512,512,256,3,4.81,3.37,200.41,7.16,0.6326620000000001
2,4,4,512,512,512,512,1,10.02,3.39,192.41,6.88,1.2357790000000004
2,4,4,512,512,512,512,2,10.07,3.39,191.46,6.84,1.4170489999999998
2,4,4,512,512,512,512,3,9.91,3.39,194.55,6.95,1.235845
2,4,8,256,256,256,256,1,0.65,3.28,185.74,6.64,0.14934399999999998
2,4,8,256,256,256,256,2,0.66,3.28,182.93,6.54,0.15314099999999994
2,4,8,256,256,256,256,3,0.65,3.28,185.74,6.64,0.15477199999999997
2,4,8,256,256,256,512,1,1.34,3.31,180.2,6.44,0.29053600000000007
2,4,8,256,256,256,512,2,1.34,3.31,180.2,6.44,0.29745200000000005
2,4,8,256,256,256,512,3,1.33,3.31,181.55,6.49,0.288497
2,4,8,256,256,512,256,1,1.33,3.31,181.55,6.49,0.30474599999999996
2,4,8,256,256,512,256,2,1.36,3.31,177.55,6.35,0.31180499999999994
2,4,8,256,256,512,256,3,1.33,3.31,181.55,6.49,0.28916
2,4,8,256,256,512,512,1,3.23,3.33,149.51,5.34,1.120485
2,4,8,256,256,512,512,2,3.21,3.33,150.45,5.38,1.0793059999999999
2,4,8,256,256,512,512,3,3.24,3.33,149.05,5.33,1.123317
2,4,8,256,512,256,256,1,1.11,3.33,217.53,7.77,0.13587800000000003
2,4,8,256,512,256,256,2,1.11,3.33,217.53,7.77,0.133024
2,4,8,256,512,256,256,3,1.11,3.33,217.53,7.77,0.132477
2,4,8,256,512,256,512,1,2.3,3.36,209.97,7.5,0.28068300000000007
2,4,8,256,512,256,512,2,2.33,3.36,207.26,7.41,0.3384730000000001
2,4,8,256,512,256,512,3,2.29,3.36,210.89,7.54,0.30337499999999995
2,4,8,256,512,512,256,1,2.26,3.36,213.68,7.64,0.3273089999999999
2,4,8,256,512,512,256,2,2.26,3.36,213.68,7.64,0.30917999999999995
2,4,8,256,512,512,256,3,2.27,3.36,212.74,7.6,0.319322
2,4,8,256,512,512,512,1,4.53,3.38,213.21,7.62,0.516687
2,4,8,256,512,512,512,2,4.54,3.38,212.74,7.6,0.6083540000000002
2,4,8,256,512,512,512,3,4.52,3.38,213.68,7.64,0.5854049999999998
2,4,8,512,256,256,256,1,1.28,3.29,188.28,6.73,0.2807850000000001
2,4,8,512,256,256,256,2,1.27,3.29,189.76,6.78,0.26272000000000006
2,4,8,512,256,256,256,3,1.29,3.29,186.82,6.68,0.2944649999999999
2,4,8,512,256,256,512,1,2.64,3.31,182.57,6.53,0.5783600000000001
2,4,8,512,256,256,512,2,2.63,3.31,183.27,6.55,0.5854539999999999
2,4,8,512,256,256,512,3,2.64,3.31,182.57,6.53,0.5648460000000001
2,4,8,512,256,512,256,1,2.6,3.31,185.38,6.63,0.5629829999999998
2,4,8,512,256,512,256,2,2.55,3.31,189.02,6.76,0.5200090000000002
2,4,8,512,256,512,256,3,2.59,3.31,186.1,6.65,0.5551760000000002
2,4,8,512,256,512,512,1,6.43,3.34,149.92,5.36,2.051898
2,4,8,512,256,512,512,2,6.39,3.34,150.86,5.39,2.208382
2,4,8,512,256,512,512,3,6.48,3.34,148.76,5.32,2.4631019999999992
2,4,8,512,512,256,256,1,2.2,3.34,219.08,7.83,0.260638
2,4,8,512,512,256,256,2,2.19,3.34,220.09,7.87,0.291599
2,4,8,512,512,256,256,3,2.2,3.34,219.08,7.83,0.3040899999999999
2,4,8,512,512,256,512,1,4.54,3.37,212.33,7.59,0.57813
2,4,8,512,512,256,512,2,4.6,3.37,209.56,7.49,0.5772950000000003
2,4,8,512,512,256,512,3,4.54,3.37,212.33,7.59,0.5866560000000002
2,4,8,512,512,512,256,1,4.45,3.37,216.62,7.74,0.5999919999999999
2,4,8,512,512,512,256,2,4.46,3.37,216.14,7.72,0.6049990000000002
2,4,8,512,512,512,256,3,4.46,3.37,216.14,7.72,0.6056800000000002
2,4,8,512,512,512,512,1,8.92,3.39,216.14,7.72,1.143971
2,4,8,512,512,512,512,2,9.0,3.39,214.22,7.66,1.1292590000000002
2,4,8,512,512,512,512,3,8.91,3.39,216.38,7.73,1.096256
2,4,16,256,256,256,256,1,0.8,3.28,150.92,5.39,0.191375
2,4,16,256,256,256,256,2,0.8,3.28,150.92,5.39,0.18929
2,4,16,256,256,256,256,3,0.8,3.28,150.92,5.39,0.18967799999999996
2,4,16,256,256,256,512,1,1.72,3.31,140.39,5.02,0.25862999999999997
2,4,16,256,256,256,512,2,1.73,3.31,139.58,4.99,0.303419
2,4,16,256,256,256,512,3,1.73,3.31,139.58,4.99,0.267077
2,4,16,256,256,512,256,1,1.68,3.31,143.73,5.14,0.31264
2,4,16,256,256,512,256,2,1.69,3.31,142.88,5.11,0.3208249999999999
2,4,16,256,256,512,256,3,1.68,3.31,143.73,5.14,0.405993
2,4,16,256,256,512,512,1,4.1,3.33,117.79,4.21,1.0126579999999998
2,4,16,256,256,512,512,2,4.08,3.33,118.37,4.23,0.9929470000000001
2,4,16,256,256,512,512,3,4.18,3.33,115.53,4.13,1.205788
2,4,16,256,512,256,256,1,1.53,3.33,157.82,5.64,0.20706000000000002
2,4,16,256,512,256,256,2,1.52,3.33,158.86,5.68,0.19349
2,4,16,256,512,256,256,3,1.52,3.33,158.86,5.68,0.16570200000000002
2,4,16,256,512,256,512,1,3.17,3.36,152.34,5.45,0.3188010000000001
2,4,16,256,512,256,512,2,3.16,3.36,152.83,5.46,0.325308
2,4,16,256,512,256,512,3,3.16,3.36,152.83,5.46,0.31145800000000007
2,4,16,256,512,512,256,1,3.17,3.36,152.34,5.45,0.31689999999999996
2,4,16,256,512,512,256,2,3.17,3.36,152.34,5.45,0.329553
2,4,16,256,512,512,256,3,3.17,3.36,152.34,5.45,0.412017
2,4,16,256,512,512,512,1,6.98,3.38,138.38,4.95,1.1416559999999998
2,4,16,256,512,512,512,2,6.98,3.38,138.38,4.95,1.137809
2,4,16,256,512,512,512,3,6.93,3.38,139.37,4.98,1.109896
2,4,16,512,256,256,256,1,1.57,3.29,153.5,5.49,0.36487699999999995
2,4,16,512,256,256,256,2,1.58,3.29,152.53,5.45,0.3577329999999999
2,4,16,512,256,256,256,3,1.57,3.29,153.5,5.49,0.36841
2,4,16,512,256,256,512,1,3.41,3.31,141.35,5.05,0.5051030000000001
2,4,16,512,256,256,512,2,3.4,3.31,141.76,5.07,0.5771069999999999
2,4,16,512,256,256,512,3,3.4,3.31,141.76,5.07,0.49904599999999993
2,4,16,512,256,512,256,1,3.31,3.31,145.62,5.21,0.608387
2,4,16,512,256,512,256,2,3.31,3.31,145.62,5.21,0.7713869999999999
2,4,16,512,256,512,256,3,3.29,3.31,146.5,5.24,0.762412
2,4,16,512,256,512,512,1,8.13,3.34,118.57,4.24,2.226533999999999
2,4,16,512,256,512,512,2,8.14,3.34,118.43,4.23,1.9909999999999999
2,4,16,512,256,512,512,3,8.05,3.34,119.75,4.28,1.9095650000000006
2,4,16,512,512,256,256,1,2.98,3.34,161.74,5.78,0.30138699999999996
2,4,16,512,512,256,256,2,2.98,3.34,161.74,5.78,0.3778109999999999
2,4,16,512,512,256,256,3,2.98,3.34,161.74,5.78,0.305746
2,4,16,512,512,256,512,1,6.26,3.37,153.99,5.5,0.6291420000000001
2,4,16,512,512,256,512,2,6.26,3.37,153.99,5.5,0.6008799999999999
2,4,16,512,512,256,512,3,6.23,3.37,154.73,5.53,0.5797590000000001
2,4,16,512,512,512,256,1,6.21,3.37,155.23,5.55,0.715436
2,4,16,512,512,512,256,2,6.23,3.37,154.73,5.53,0.5897570000000001
2,4,16,512,512,512,256,3,6.23,3.37,154.73,5.53,0.7354920000000001
2,4,16,512,512,512,512,1,13.82,3.39,139.51,4.99,2.2134759999999996
2,4,16,512,512,512,512,2,13.83,3.39,139.41,4.98,1.9406260000000002
2,4,16,512,512,512,512,3,13.86,3.39,139.1,4.97,1.9775479999999999
2,8,4,256,256,256,256,1,1.3,5.07,152.57,3.32,0.3108889999999999
2,8,4,256,256,256,256,2,1.3,5.07,152.57,3.32,0.3142730000000001
2,8,4,256,256,256,256,3,1.3,5.07,152.57,3.32,0.307906
2,8,4,256,256,256,512,1,2.76,5.15,143.73,3.13,0.7095010000000002
2,8,4,256,256,256,512,2,2.75,5.15,144.25,3.14,0.6348420000000001
2,8,4,256,256,256,512,3,2.73,5.15,145.31,3.16,0.6857469999999999
2,8,4,256,256,512,256,1,2.69,5.15,147.47,3.21,0.672403
2,8,4,256,256,512,256,2,2.64,5.15,150.26,3.27,0.6340909999999996
2,8,4,256,256,512,256,3,2.67,5.15,148.57,3.23,0.6214260000000001
2,8,4,256,256,512,512,1,6.85,5.23,115.82,2.52,2.8780720000000013
2,8,4,256,256,512,512,2,6.66,5.23,119.13,2.59,2.730383
2,8,4,256,256,512,512,3,6.83,5.23,116.16,2.53,2.8565660000000004
2,8,4,256,512,256,256,1,2.23,5.23,177.89,3.87,0.31293
2,8,4,256,512,256,256,2,2.22,5.23,178.69,3.89,0.325008
2,8,4,256,512,256,256,3,2.23,5.23,177.89,3.87,0.32254700000000014
2,8,4,256,512,256,512,1,4.72,5.31,168.09,3.66,0.6483670000000004
2,8,4,256,512,256,512,2,4.71,5.31,168.45,3.67,0.6462880000000002
2,8,4,256,512,256,512,3,4.66,5.31,170.25,3.71,0.6462949999999997
2,8,4,256,512,512,256,1,4.59,5.31,172.85,3.76,0.6903250000000001
2,8,4,256,512,512,256,2,4.56,5.31,173.99,3.79,0.664397
2,8,4,256,512,512,256,3,4.59,5.31,172.85,3.76,0.6702559999999997
2,8,4,256,512,512,512,1,9.08,5.39,174.75,3.8,1.278877
2,8,4,256,512,512,512,2,9.02,5.39,175.92,3.83,1.2739760000000002
2,8,4,256,512,512,512,3,9.03,5.39,175.72,3.82,1.258294
2,8,4,512,256,256,256,1,2.55,5.08,155.26,3.38,0.6027459999999999
2,8,4,512,256,256,256,2,2.55,5.08,155.26,3.38,0.6014479999999996
2,8,4,512,256,256,256,3,2.55,5.08,155.26,3.38,0.5891419999999998
2,8,4,512,256,256,512,1,5.43,5.16,145.83,3.18,1.2433289999999997
2,8,4,512,256,256,512,2,5.42,5.16,146.1,3.18,1.2487610000000005
2,8,4,512,256,256,512,3,5.42,5.16,146.1,3.18,1.2564209999999998
2,8,4,512,256,512,256,1,5.31,5.16,149.12,3.25,1.2596080000000005
2,8,4,512,256,512,256,2,5.26,5.16,150.54,3.28,1.1945730000000003
2,8,4,512,256,512,256,3,5.25,5.16,150.83,3.28,1.2542069999999998
2,8,4,512,256,512,512,1,13.5,5.24,117.31,2.56,5.635151000000002
2,8,4,512,256,512,512,2,13.49,5.24,117.4,2.56,5.624286
2,8,4,512,256,512,512,3,13.41,5.24,118.1,2.57,5.479240999999998
2,8,4,512,512,256,256,1,4.41,5.24,179.56,3.91,0.6327859999999998
2,8,4,512,512,256,256,2,4.39,5.24,180.37,3.93,0.6194159999999999
2,8,4,512,512,256,256,3,4.41,5.24,179.56,3.91,0.638509
2,8,4,512,512,256,512,1,9.22,5.32,171.77,3.74,1.3389160000000002
2,8,4,512,512,256,512,2,9.28,5.32,170.66,3.71,1.2708460000000004
2,8,4,512,512,256,512,3,9.37,5.32,169.02,3.68,1.257356000000001
2,8,4,512,512,512,256,1,9.13,5.32,173.46,3.78,1.3116459999999999
2,8,4,512,512,512,256,2,9.07,5.32,174.61,3.8,1.2969439999999997
2,8,4,512,512,512,256,3,9.09,5.32,174.22,3.79,1.3956469999999992
2,8,4,512,512,512,512,1,18.03,5.4,175.67,3.82,2.451951000000001
2,8,4,512,512,512,512,2,17.87,5.4,177.24,3.86,2.4370819999999997
2,8,4,512,512,512,512,3,18.0,5.4,175.96,3.83,2.5373300000000003
2,8,8,256,256,256,256,1,1.41,5.07,140.67,3.06,0.34104599999999996
2,8,8,256,256,256,256,2,1.41,5.07,140.67,3.06,0.3230219999999999
2,8,8,256,256,256,256,3,1.39,5.07,142.7,3.11,0.32249200000000006
2,8,8,256,256,256,512,1,3.41,5.15,116.33,2.53,1.27926
2,8,8,256,256,256,512,2,3.41,5.15,116.33,2.53,1.2847140000000001
2,8,8,256,256,256,512,3,3.42,5.15,115.99,2.53,1.167637
2,8,8,256,256,512,256,1,3.69,5.15,107.51,2.34,1.566386
2,8,8,256,256,512,256,2,3.65,5.15,108.68,2.37,1.538922
2,8,8,256,256,512,256,3,3.64,5.15,108.98,2.37,1.434516
2,8,8,256,256,512,512,1,6.64,5.23,119.49,2.6,2.4312579999999997
2,8,8,256,256,512,512,2,6.62,5.23,119.85,2.61,2.4067569999999994
2,8,8,256,256,512,512,3,6.63,5.23,119.67,2.61,2.3770609999999994
2,8,8,256,512,256,256,1,2.38,5.23,166.68,3.63,0.341159
2,8,8,256,512,256,256,2,2.38,5.23,166.68,3.63,0.323205
2,8,8,256,512,256,256,3,2.37,5.23,167.38,3.64,0.3317840000000001
2,8,8,256,512,256,512,1,4.68,5.31,169.53,3.69,0.6226499999999999
2,8,8,256,512,256,512,2,4.69,5.31,169.17,3.68,0.6167220000000002
2,8,8,256,512,256,512,3,4.65,5.31,170.62,3.71,0.6589990000000001
2,8,8,256,512,512,256,1,4.69,5.31,169.17,3.68,0.63706
2,8,8,256,512,512,256,2,4.67,5.31,169.89,3.7,0.6280269999999998
2,8,8,256,512,512,256,3,4.68,5.31,169.53,3.69,0.6285380000000002
2,8,8,256,512,512,512,1,10.15,5.39,156.33,3.4,2.2891849999999994
2,8,8,256,512,512,512,2,10.16,5.39,156.18,3.4,2.2714389999999995
2,8,8,256,512,512,512,3,10.24,5.39,154.96,3.37,2.389384
2,8,8,512,256,256,256,1,2.77,5.08,142.93,3.11,0.5976499999999999
2,8,8,512,256,256,256,2,2.74,5.08,144.5,3.15,0.5909929999999999
2,8,8,512,256,256,256,3,2.76,5.08,143.45,3.12,0.5949120000000001
2,8,8,512,256,256,512,1,6.76,5.16,117.14,2.55,2.5212849999999998
2,8,8,512,256,256,512,2,6.76,5.16,117.14,2.55,2.5380109999999996
2,8,8,512,256,256,512,3,6.57,5.16,120.53,2.63,2.1293580000000003
2,8,8,512,256,512,256,1,7.23,5.16,109.52,2.39,2.8584159999999996
2,8,8,512,256,512,256,2,7.24,5.16,109.37,2.38,2.852157
2,8,8,512,256,512,256,3,7.12,5.16,111.22,2.42,2.9394270000000002
2,8,8,512,256,512,512,1,13.12,5.24,120.71,2.63,4.776884000000001
2,8,8,512,256,512,512,2,13.07,5.24,121.17,2.64,4.675262
2,8,8,512,256,512,512,3,12.83,5.24,123.44,2.69,4.477410000000001
2,8,8,512,512,256,256,1,4.67,5.24,169.56,3.69,0.644495
2,8,8,512,512,256,256,2,4.67,5.24,169.56,3.69,0.6137569999999999
2,8,8,512,512,256,256,3,4.7,5.24,168.48,3.67,0.615035
2,8,8,512,512,256,512,1,9.24,5.32,171.39,3.73,1.1717730000000002
2,8,8,512,512,256,512,2,9.25,5.32,171.21,3.73,1.2120090000000003
2,8,8,512,512,256,512,3,9.24,5.32,171.39,3.73,1.173631
2,8,8,512,512,512,256,1,9.21,5.32,171.95,3.74,1.1889979999999998
2,8,8,512,512,512,256,2,9.28,5.32,170.66,3.71,1.2370099999999997
2,8,8,512,512,512,256,3,9.23,5.32,171.58,3.73,1.2281959999999996
2,8,8,512,512,512,512,1,20.15,5.4,157.19,3.42,4.488851
2,8,8,512,512,512,512,2,20.31,5.4,155.95,3.4,4.632186000000002
2,8,8,512,512,512,512,3,20.24,5.4,156.49,3.41,4.657696
2,8,16,256,256,256,256,1,2.03,5.07,97.71,2.13,0.751439
2,8,16,256,256,256,256,2,2.01,5.07,98.68,2.15,0.728064
2,8,16,256,256,256,256,3,2.02,5.07,98.19,2.14,0.743677
2,8,16,256,256,256,512,1,3.62,5.15,109.59,2.39,1.163581
2,8,16,256,256,256,512,2,3.55,5.15,111.75,2.43,1.10179
2,8,16,256,256,256,512,3,3.56,5.15,111.43,2.43,1.117665
2,8,16,256,256,512,256,1,4.01,5.15,98.93,2.16,1.432153
2,8,16,256,256,512,256,2,4.04,5.15,98.19,2.14,1.467974
2,8,16,256,256,512,256,3,4.01,5.15,98.93,2.16,1.432963
2,8,16,256,256,512,512,1,6.99,5.23,113.5,2.47,2.216081
2,8,16,256,256,512,512,2,7.0,5.23,113.34,2.47,2.2092370000000003
2,8,16,256,256,512,512,3,7.0,5.23,113.34,2.47,2.194566
2,8,16,256,512,256,256,1,3.07,5.23,129.22,2.81,0.791216
2,8,16,256,512,256,256,2,3.08,5.23,128.8,2.8,0.721962
2,8,16,256,512,256,256,3,3.1,5.23,127.97,2.79,0.783194
2,8,16,256,512,256,512,1,5.62,5.31,141.17,3.07,1.1143069999999997
2,8,16,256,512,256,512,2,5.52,5.31,143.73,3.13,1.203256
2,8,16,256,512,256,512,3,5.55,5.31,142.95,3.11,1.1949130000000003
2,8,16,256,512,512,256,1,6.12,5.31,129.64,2.82,1.4821209999999998
2,8,16,256,512,512,256,2,6.23,5.31,127.35,2.77,1.5452270000000004
2,8,16,256,512,512,256,3,6.15,5.31,129.01,2.81,1.52608
2,8,16,256,512,512,512,1,10.91,5.39,145.44,3.17,2.405186
2,8,16,256,512,512,512,2,10.78,5.39,147.2,3.2,2.2076409999999997
2,8,16,256,512,512,512,3,10.74,5.39,147.74,3.22,2.0696799999999995
2,8,16,512,256,256,256,1,4.03,5.08,98.25,2.14,1.5081449999999998
2,8,16,512,256,256,256,2,3.95,5.08,100.24,2.18,1.3438560000000002
2,8,16,512,256,256,256,3,4.0,5.08,98.98,2.16,1.473587
2,8,16,512,256,256,512,1,6.95,5.16,113.94,2.48,2.1565670000000003
2,8,16,512,256,256,512,2,6.98,5.16,113.45,2.47,2.1459729999999992
2,8,16,512,256,256,512,3,7.05,5.16,112.32,2.45,2.173471
2,8,16,512,256,512,256,1,7.95,5.16,99.6,2.17,2.844082
2,8,16,512,256,512,256,2,7.9,5.16,100.24,2.18,2.763223
2,8,16,512,256,512,256,3,7.89,5.16,100.36,2.19,2.712314
2,8,16,512,256,512,512,1,13.83,5.24,114.51,2.49,4.335575
2,8,16,512,256,512,512,2,13.79,5.24,114.84,2.5,4.265931999999999
2,8,16,512,256,512,512,3,13.8,5.24,114.76,2.5,4.283279999999999
2,8,16,512,512,256,256,1,6.02,5.24,131.54,2.86,1.4586540000000001
2,8,16,512,512,256,256,2,6.06,5.24,130.67,2.85,1.5153910000000002
2,8,16,512,512,256,256,3,6.04,5.24,131.1,2.85,1.4851719999999997
2,8,16,512,512,256,512,1,10.86,5.32,145.83,3.18,2.23187
2,8,16,512,512,256,512,2,10.82,5.32,146.37,3.19,2.2040140000000004
2,8,16,512,512,256,512,3,10.94,5.32,144.76,3.15,2.28582
2,8,16,512,512,512,256,1,12.02,5.32,131.75,2.87,2.7353370000000004
2,8,16,512,512,512,256,2,12.16,5.32,130.24,2.84,2.872275
2,8,16,512,512,512,256,3,12.04,5.32,131.54,2.86,2.787384
2,8,16,512,512,512,512,1,21.49,5.4,147.39,3.21,4.473529
2,8,16,512,512,512,512,2,21.37,5.4,148.22,3.23,4.336651
2,8,16,512,512,512,512,3,21.21,5.4,149.33,3.25,4.045209000000001
2,2,32,256,256,256,256,1,0.45,2.66,210.8,9.59,0.11321799999999999
2,2,32,256,256,256,256,2,0.43,2.66,220.61,10.03,0.085757
2,2,32,256,256,256,256,3,0.42,2.66,225.86,10.27,0.084126
2,2,32,256,256,256,512,1,0.79,2.67,240.15,10.92,0.171534
2,2,32,256,256,256,512,2,0.79,2.67,240.15,10.92,0.158077
2,2,32,256,256,256,512,3,0.81,2.67,234.22,10.65,0.164789
2,2,32,256,256,512,256,1,0.84,2.67,225.86,10.27,0.181784
2,2,32,256,256,512,256,2,0.84,2.67,225.86,10.27,0.17672099999999996
2,2,32,256,256,512,256,3,0.85,2.67,223.2,10.15,0.18880600000000003
2,2,32,256,256,512,512,1,1.78,2.68,213.17,9.69,0.5929960000000001
2,2,32,256,256,512,512,2,1.77,2.68,214.37,9.75,0.568366
2,2,32,256,256,512,512,3,1.81,2.68,209.64,9.53,0.611004
2,2,32,256,512,256,256,1,0.7,2.68,271.03,12.32,0.10397100000000001
2,2,32,256,512,256,256,2,0.71,2.68,267.21,12.15,0.097058
2,2,32,256,512,256,256,3,0.69,2.68,274.96,12.5,0.08584800000000001
2,2,32,256,512,256,512,1,1.3,2.69,291.88,13.27,0.16547900000000001
2,2,32,256,512,256,512,2,1.29,2.69,294.14,13.37,0.17071199999999997
2,2,32,256,512,256,512,3,1.3,2.69,291.88,13.27,0.15921999999999997
2,2,32,256,512,512,256,1,1.38,2.69,274.96,12.5,0.16055699999999998
2,2,32,256,512,512,256,2,1.36,2.69,279.0,12.69,0.20759999999999998
2,2,32,256,512,512,256,3,1.36,2.69,279.0,12.69,0.193977
2,2,32,256,512,512,512,1,2.79,2.7,272.0,12.37,0.5299809999999999
2,2,32,256,512,512,512,2,2.79,2.7,272.0,12.37,0.535656
2,2,32,256,512,512,512,3,2.76,2.7,274.96,12.5,0.5295300000000001
2,2,32,512,256,256,256,1,0.8,2.67,236.69,10.76,0.14665799999999996
2,2,32,512,256,256,256,2,0.8,2.67,236.69,10.76,0.146262
2,2,32,512,256,256,256,3,0.8,2.67,236.69,10.76,0.151983
2,2,32,512,256,256,512,1,1.54,2.68,245.91,11.18,0.31791200000000003
2,2,32,512,256,256,512,2,1.56,2.68,242.76,11.04,0.31681000000000004
2,2,32,512,256,256,512,3,1.54,2.68,245.91,11.18,0.2869030000000001
2,2,32,512,256,512,256,1,1.61,2.68,235.22,10.7,0.319664
2,2,32,512,256,512,256,2,1.61,2.68,235.22,10.7,0.29988000000000004
2,2,32,512,256,512,256,3,1.6,2.68,236.69,10.76,0.304792
2,2,32,512,256,512,512,1,3.43,2.69,220.82,10.04,1.0474080000000001
2,2,32,512,256,512,512,2,3.52,2.69,215.17,9.79,1.1562689999999998
2,2,32,512,256,512,512,3,3.43,2.69,220.82,10.04,1.081164
2,2,32,512,512,256,256,1,1.34,2.69,282.61,12.85,0.170361
2,2,32,512,512,256,256,2,1.34,2.69,282.61,12.85,0.163288
2,2,32,512,512,256,256,3,1.35,2.69,280.52,12.76,0.165004
2,2,32,512,512,256,512,1,2.51,2.7,301.75,13.72,0.24536800000000009
2,2,32,512,512,256,512,2,2.49,2.7,304.18,13.83,0.28969600000000006
2,2,32,512,512,256,512,3,2.51,2.7,301.75,13.72,0.27244999999999997
2,2,32,512,512,512,256,1,2.64,2.7,286.9,13.05,0.31693200000000005
2,2,32,512,512,512,256,2,2.63,2.7,287.99,13.1,0.265793
2,2,32,512,512,512,256,3,2.63,2.7,287.99,13.1,0.320224
2,2,32,512,512,512,512,1,5.36,2.71,282.61,12.85,1.072036
2,2,32,512,512,512,512,2,5.44,2.71,278.46,12.66,1.151625
2,2,32,512,512,512,512,3,5.39,2.71,281.04,12.78,1.068646
2,4,32,256,256,256,256,1,1.03,3.28,117.22,4.19,0.40405
2,4,32,256,256,256,256,2,1.03,3.28,117.22,4.19,0.356855
2,4,32,256,256,256,256,3,1.03,3.28,117.22,4.19,0.3871879999999999
2,4,32,256,256,256,512,1,1.77,3.31,136.42,4.88,0.512208
2,4,32,256,256,256,512,2,1.77,3.31,136.42,4.88,0.591851
2,4,32,256,256,256,512,3,1.76,3.31,137.2,4.9,0.552978
2,4,32,256,256,512,256,1,1.98,3.31,121.95,4.36,0.759688
2,4,32,256,256,512,256,2,1.98,3.31,121.95,4.36,0.724472
2,4,32,256,256,512,256,3,1.98,3.31,121.95,4.36,0.6915690000000001
2,4,32,256,256,512,512,1,3.39,3.33,142.46,5.09,1.140607
2,4,32,256,256,512,512,2,3.39,3.33,142.46,5.09,1.008076
2,4,32,256,256,512,512,3,3.39,3.33,142.46,5.09,1.070705
2,4,32,256,512,256,256,1,1.5,3.33,160.98,5.75,0.349684
2,4,32,256,512,256,256,2,1.5,3.33,160.98,5.75,0.39082
2,4,32,256,512,256,256,3,1.49,3.33,162.06,5.79,0.34932199999999997
2,4,32,256,512,256,512,1,2.68,3.36,180.2,6.44,0.523299
2,4,32,256,512,256,512,2,2.69,3.36,179.53,6.42,0.5895509999999999
2,4,32,256,512,256,512,3,2.69,3.36,179.53,6.42,0.535669
2,4,32,256,512,512,256,1,2.89,3.36,167.1,5.97,0.66078
2,4,32,256,512,512,256,2,2.93,3.36,164.82,5.89,0.6588020000000001
2,4,32,256,512,512,256,3,2.9,3.36,166.53,5.95,0.744009
2,4,32,256,512,512,512,1,5.15,3.38,187.54,6.7,1.153393
2,4,32,256,512,512,512,2,5.21,3.38,185.39,6.63,1.015908
2,4,32,256,512,512,512,3,5.39,3.38,179.19,6.4,1.1959279999999999
2,4,32,512,256,256,256,1,1.96,3.29,122.96,4.4,0.655869
2,4,32,512,256,256,256,2,1.97,3.29,122.33,4.37,0.700196
2,4,32,512,256,256,256,3,1.99,3.29,121.1,4.33,0.6672420000000001
2,4,32,512,256,256,512,1,3.44,3.31,140.11,5.01,1.095701
2,4,32,512,256,256,512,2,3.46,3.31,139.3,4.98,1.1142919999999998
2,4,32,512,256,256,512,3,3.68,3.31,130.98,4.68,1.105188
2,4,32,512,256,512,256,1,3.8,3.31,126.84,4.53,1.393106
2,4,32,512,256,512,256,2,3.83,3.31,125.85,4.5,1.3980599999999999
2,4,32,512,256,512,256,3,3.8,3.31,126.84,4.53,1.3979629999999998
2,4,32,512,256,512,512,1,6.59,3.34,146.28,5.23,2.1249710000000004
2,4,32,512,256,512,512,2,6.68,3.34,144.31,5.16,2.228507
2,4,32,512,256,512,512,3,6.58,3.34,146.5,5.24,1.9138540000000002
2,4,32,512,512,256,256,1,2.91,3.34,165.63,5.92,0.6686409999999998
2,4,32,512,512,256,256,2,2.93,3.34,164.5,5.88,0.737014
2,4,32,512,512,256,256,3,2.93,3.34,164.5,5.88,0.7293820000000001
2,4,32,512,512,256,512,1,5.21,3.37,185.02,6.61,1.000592
2,4,32,512,512,256,512,2,5.27,3.37,182.92,6.54,1.138842
2,4,32,512,512,256,512,3,5.23,3.37,184.32,6.59,1.1008229999999999
2,4,32,512,512,512,256,1,5.6,3.37,172.14,6.15,1.1553939999999998
2,4,32,512,512,512,256,2,5.61,3.37,171.83,6.14,1.37984
2,4,32,512,512,512,256,3,5.64,3.37,170.92,6.11,1.227797
2,4,32,512,512,512,512,1,10.08,3.39,191.27,6.84,2.210598
2,4,32,512,512,512,512,2,10.02,3.39,192.41,6.88,2.153756
2,4,32,512,512,512,512,3,10.12,3.39,190.51,6.81,2.211251
2,8,32,256,256,256,256,1,2.65,5.07,74.85,1.63,0.7441069999999999
2,8,32,256,256,256,256,2,2.65,5.07,74.85,1.63,0.769441
2,8,32,256,256,256,256,3,2.67,5.07,74.29,1.62,0.7555030000000001
2,8,32,256,256,256,512,1,4.31,5.15,92.04,2.01,1.186094
2,8,32,256,256,256,512,2,4.3,5.15,92.26,2.01,1.1399089999999998
2,8,32,256,256,256,512,3,4.3,5.15,92.26,2.01,1.137354
2,8,32,256,256,512,256,1,5.25,5.15,75.56,1.65,1.4840239999999998
2,8,32,256,256,512,256,2,5.28,5.15,75.13,1.64,1.5084980000000001
2,8,32,256,256,512,256,3,5.24,5.15,75.71,1.65,1.4698909999999998
2,8,32,256,256,512,512,1,8.68,5.23,91.41,1.99,2.408195
2,8,32,256,256,512,512,2,8.55,5.23,92.8,2.02,2.2994619999999997
2,8,32,256,256,512,512,3,8.45,5.23,93.89,2.05,2.331683
2,8,32,256,512,256,256,1,3.93,5.23,100.94,2.2,0.7184360000000001
2,8,32,256,512,256,256,2,3.93,5.23,100.94,2.2,0.7750279999999999
2,8,32,256,512,256,256,3,3.93,5.23,100.94,2.2,0.7643160000000001
2,8,32,256,512,256,512,1,6.43,5.31,123.39,2.69,1.206847
2,8,32,256,512,256,512,2,6.38,5.31,124.36,2.71,1.153156
2,8,32,256,512,256,512,3,6.37,5.31,124.55,2.71,1.200032
2,8,32,256,512,512,256,1,7.77,5.31,102.11,2.22,1.473933
2,8,32,256,512,512,256,2,7.75,5.31,102.37,2.23,1.4745180000000002
2,8,32,256,512,512,256,3,7.75,5.31,102.37,2.23,1.4748729999999999
2,8,32,256,512,512,512,1,12.63,5.39,125.64,2.74,2.347145
2,8,32,256,512,512,512,2,12.68,5.39,125.14,2.73,2.3926439999999998
2,8,32,256,512,512,512,3,12.79,5.39,124.06,2.7,2.445383
2,8,32,512,256,256,256,1,5.13,5.08,77.18,1.68,1.424143
2,8,32,512,256,256,256,2,5.14,5.08,77.03,1.68,1.3849289999999999
2,8,32,512,256,256,256,3,5.15,5.08,76.88,1.68,1.389988
2,8,32,512,256,256,512,1,8.33,5.16,95.06,2.07,2.142022
2,8,32,512,256,256,512,2,8.5,5.16,93.16,2.03,2.119642
2,8,32,512,256,256,512,3,8.43,5.16,93.93,2.05,2.193949
2,8,32,512,256,512,256,1,10.22,5.16,77.48,1.69,2.7452749999999995
2,8,32,512,256,512,256,2,10.31,5.16,76.81,1.67,2.888189
2,8,32,512,256,512,256,3,10.39,5.16,76.21,1.66,2.88618
2,8,32,512,256,512,512,1,16.54,5.24,95.75,2.09,4.3167610000000005
2,8,32,512,256,512,512,2,16.78,5.24,94.38,2.06,4.471248
2,8,32,512,256,512,512,3,16.64,5.24,95.18,2.07,4.277085
2,8,32,512,512,256,256,1,7.75,5.24,102.17,2.23,1.4433129999999998
2,8,32,512,512,256,256,2,7.7,5.24,102.84,2.24,1.4307760000000003
2,8,32,512,512,256,256,3,7.73,5.24,102.44,2.23,1.4395630000000001
2,8,32,512,512,256,512,1,12.67,5.32,125.0,2.72,2.3181689999999997
2,8,32,512,512,256,512,2,12.57,5.32,125.99,2.74,2.2134259999999992
2,8,32,512,512,256,512,3,12.47,5.32,127.0,2.77,2.1502700000000003
2,8,32,512,512,512,256,1,15.68,5.32,101.0,2.2,2.9501300000000006
2,8,32,512,512,512,256,2,15.35,5.32,103.17,2.25,2.915042
2,8,32,512,512,512,256,3,15.33,5.32,103.31,2.25,2.914949
2,8,32,512,512,512,512,1,24.87,5.4,127.36,2.77,4.458946
2,8,32,512,512,512,512,2,24.96,5.4,126.9,2.76,4.460326000000001
2,8,32,512,512,512,512,3,25.03,5.4,126.54,2.76,4.545311000000001
